categorie,theme,sujet
Technologie,Formation blockchain,Catalogue de formation
Service client,Mise à jour d'abonnement,Passage de l'abonnement standard à premium
Service client,Annulation abonnement,Raison annulation abonnement
Sécurité,Protection des données,Chiffrement avancé
service client,gestion de compte,contrat en cours
Service client,Migration de données,Accompagnement migration vers le cloud
Assistance technique,Mises à jour de sécurité,Installation des mises à jour
Service client,Outils de gestion,Offres pour petites entreprises
service,récupération de données,demande de service
Service client,Demande de démo,Organisation démo produit
Service client,Abonnement,Annulation d'abonnement
service client,suivi de tickets,accès au compte et support
technique,problème d'accès,difficulté de réinitialisation du mot de passe
Service client,Intégration CRM,Guide d'intégration avec HubSpot
Service client,Amélioration,Feedback sur l'option de chat en direct
Consultation,Optimisation processus,Coordination interdépartementale
Service client,Optimisation logiciel,Conseils d'optimisation des performances
Service client,Facturation mensuelle,Modification mode de paiement
utilisation,interface utilisateur,guide de l'utilisateur
Service client,Paiement refusé,Résolution de problème de paiement
Support technique,Service 24/7,Offres et garanties
Technique,Problème d'application,Bug lors de la sauvegarde
technique,problème de logiciel,écran de chargement bloqué
Service client,Sauvegarde de données,Coûts de sauvegarde sur le cloud
entreprise,gestion de projets,"services, tarifs et projet"
Service client,Changement d'adresse,Modification adresse de facturation
Service client,Conformité GDPR,Documentation et envoi
Service client,Temps de réponse,Problème de communication
formation,cybersécurité,inscription en ligne
Service client,Gestion utilisateurs,Ajout utilisateur compte entreprise
Technologie,Application mobile,"Compatibilité, fonctionnalités et synchronisation"
Relation client,Retour négatif,Mise à jour logicielle
Technologie,Optimisation des ressources,Problème de consommation excessive de ressources
assistance technique,intégration logicielle,configurer intégration Salesforce
technologie,sécurité des comptes,activation double authentification
technique,notifications mobiles,problèmes de réception
Service client,"Insatisfaction, Attente prolongée",Service client et résolution des problèmes
technique,problèmes logiciels,plantage du logiciel
Service client,Remboursement,Demande de remboursement pour achat par erreur
Service client,Alertes personnalisées,Configuration et personnalisation
service client,sécurité du site web,amélioration de la vérification en deux étapes
Assistance technique,Configuration compte utilisateur,Paramétrage et permissions
service client,téléchargement rapports,formats disponibles
Service client,Politiques de retour,Demande de retour de produit
Assistance,Configuration d'alertes,Paramétrage des alertes dans le logiciel
Service client,Réclamation,Commande endommagée
Service client,Support pour développeurs,Options de support et demande de support dédié
Technique,Problème d'application,Erreur de fermeture après la mise à jour
Informatique,Compatibilité logiciel,Problèmes de performance
Partenariat,Commercial,Programme de partenariat
